aksu,cn
amderma,ru
karachi,pk
punta arenas,cl
talnakh,ru
malwan,in
new norfolk,au
mataura,pf
ilulissat,gl
klaksvik,fo
playas,ec
rikitea,pf
prenzlau,de
new norfolk,au
dikson,ru
nizhneyansk,ru
bluff,nz
halalo,wf
bredasdorp,za
taolanaro,mg
esna,eg
ushuaia,ar
kapaa,us
ushuaia,ar
veracruz,mx
truro,gb
rikitea,pf
antsohihy,mg
saint-joseph,re
bethel,us
bodden town,ky
dunedin,nz
kimbe,pg
codrington,ag
zachagansk,kz
taolanaro,mg
ushuaia,ar
taolanaro,mg
rawannawi,ki
tumannyy,ru
manchester,us
ushuaia,ar
saskylakh,ru
llanes,es
provideniya,ru
saldanha,za
poum,nc
taltal,cl
padang,id
dikson,ru
georgetown,sh
busselton,au
vestmannaeyjar,is
kodiak,us
namibe,ao
qaanaaq,gl
ushuaia,ar
kamenskoye,ru
georgetown,sh
phalodi,in
shouguang,cn
yima,cn
east london,za
norton shores,us
namibe,ao
mount pleasant,us
rikitea,pf
arauca,co
gazanjyk,tm
bose,cn
saleaula,ws
kruisfontein,za
rikitea,pf
attawapiskat,ca
ghatal,in
hervey bay,au
mala,pe
mar del plata,ar
leirvik,fo
avarua,ck
meulaboh,id
dikson,ru
tazovskiy,ru
grindavik,is
albany,au
guerrero negro,mx
taolanaro,mg
punta arenas,cl
punta arenas,cl
hashtrud,ir
sao filipe,cv
tsabong,bw
kodiak,us
pangnirtung,ca
nikel,ru
quimper,fr
rikitea,pf
port elizabeth,za
butaritari,ki
avarua,ck
ushuaia,ar
qaanaaq,gl
enugu,ng
busselton,au
linxia,cn
punta arenas,cl
punta arenas,cl
akdepe,tm
mataura,pf
markala,ml
vuktyl,ru
kapaa,us
pangnirtung,ca
bredasdorp,za
khatanga,ru
pevek,ru
nemuro,jp
thilogne,sn
yellowknife,ca
albany,au
mezen,ru
carnarvon,au
padang,id
ballina,au
mataura,pf
bluff,nz
pundaguitan,ph
chapais,ca
ushuaia,ar
barentsburg,sj
kolokani,ml
zyryanka,ru
buraydah,sa
saint george,bm
mataura,pf
nikolskoye,ru
saint-augustin,ca
ushuaia,ar
punta arenas,cl
nizhneyansk,ru
diamantina,br
punta arenas,cl
attawapiskat,ca
ponta do sol,pt
lagoa,pt
rikitea,pf
mercedes,ar
severo-kurilsk,ru
ribeira grande,pt
ribeira grande,pt
kapaa,us
hithadhoo,mv
hilo,us
nikolskoye,ru
mahebourg,mu
batagay-alyta,ru
nakamura,jp
yellowknife,ca
hasaki,jp
luderitz,na
busselton,au
qaanaaq,gl
kaitangata,nz
kulhudhuffushi,mv
lagoa,pt
tasiilaq,gl
jalu,ly
sur,om
boca del rio,mx
bubaque,gw
chuy,uy
qaanaaq,gl
khatanga,ru
busselton,au
airai,pw
jaroslaw,pl
illoqqortoormiut,gl
avarua,ck
jamestown,sh
axim,gh
arraial do cabo,br
zhigansk,ru
mirnyy,ru
kodiak,us
busselton,au
clyde river,ca
graaff-reinet,za
nantucket,us
albany,au
kapaa,us
thompson,ca
yellowknife,ca
omsukchan,ru
aldan,ru
ushuaia,ar
mar del plata,ar
warqla,dz
waipawa,nz
bredasdorp,za
cape town,za
ushuaia,ar
vaini,to
tuatapere,nz
bodoco,br
hermanus,za
quelimane,mz
grand river south east,mu
huarmey,pe
hobart,au
mangrol,in
khatanga,ru
hobart,au
bredasdorp,za
magoula,gr
paamiut,gl
sao filipe,cv
fairbanks,us
yulara,au
bluff,nz
albany,au
nelson bay,au
vaini,to
naze,jp
dusti,tj
tuskegee,us
gat,ly
hami,cn
bluff,nz
mayor pablo lagerenza,py
illoqqortoormiut,gl
tiksi,ru
marsh harbour,bs
hobart,au
dudinka,ru
mataura,pf
paradwip,in
mataura,pf
ketchikan,us
rikitea,pf
punta arenas,cl
krasnozerskoye,ru
cabo san lucas,mx
mackay,au
atar,mr
ushuaia,ar
punta arenas,cl
luderitz,na
half moon bay,us
cayenne,gf
saint-philippe,re
tongsa,bt
tuktoyaktuk,ca
punta arenas,cl
kodinsk,ru
chuy,uy
havoysund,no
hobart,au
ponta do sol,cv
alice springs,au
kecskemet,hu
jumla,np
salalah,om
emerald,au
old shinyanga,tz
constitucion,mx
kharan,pk
caravelas,br
ushuaia,ar
barrow,us
ormara,pk
khatanga,ru
handwara,in
egvekinot,ru
manokwari,id
burgersdorp,za
illoqqortoormiut,gl
ahipara,nz
husavik,is
zyryanovsk,kz
yellowknife,ca
lavrentiya,ru
jamestown,sh
umm lajj,sa
castro,cl
jamestown,sh
nome,us
cape town,za
busselton,au
chokurdakh,ru
taolanaro,mg
nanortalik,gl
punta arenas,cl
santa rosa,ar
richards bay,za
taolanaro,mg
port pirie,au
longyearbyen,sj
atuona,pf
illoqqortoormiut,gl
mayo,ca
dikson,ru
punta arenas,cl
albany,au
eureka,us
tsienyane,bw
padang,id
terrace bay,ca
busselton,au
rikitea,pf
aswan,eg
rikitea,pf
srednekolymsk,ru
hilo,us
fare,pf
coquimbo,cl
oktyabrskiy,ru
tsihombe,mg
grand river south east,mu
victoria,sc
bethel,us
port alfred,za
charlestown,kn
punta arenas,cl
ushuaia,ar
kruisfontein,za
busselton,au
port alfred,za
thompson,ca
soyo,ao
kodiak,us
vaiano,it
punta arenas,cl
mataura,pf
ostrovnoy,ru
darab,ir
almeirim,br
soc trang,vn
chitral,pk
busselton,au
port alfred,za
ushuaia,ar
torbay,ca
fortuna,us
busselton,au
rikitea,pf
yellowknife,ca
bandarbeyla,so
souillac,mu
san cristobal,ec
punta arenas,cl
pevek,ru
georgetown,sh
taolanaro,mg
sao jose da coroa grande,br
port alfred,za
lebu,cl
tual,id
taolanaro,mg
sioux lookout,ca
lata,sb
oktyabrskoye,ru
ushuaia,ar
vaitupu,wf
bluff,nz
georgetown,sh
tiznit,ma
faya,td
hambantota,lk
arraial do cabo,br
mandalgovi,mn
rikitea,pf
lorengau,pg
barentsburg,sj
salta,ar
port keats,au
malakal,sd
venice,us
busselton,au
qaanaaq,gl
ushuaia,ar
lagoa,pt
mecca,sa
kropotkin,ru
longyearbyen,sj
bluff,nz
bethel,us
illoqqortoormiut,gl
mataura,pf
tambun,id
vila,vu
pingyin,cn
dryden,ca
umea,se
atuona,pf
new norfolk,au
matai,tz
leningradskiy,ru
khasan,ru
albanel,ca
barrow,us
san patricio,mx
kieta,pg
hobart,au
busselton,au
catuday,ph
upernavik,gl
puerto ayora,ec
barreirinhas,br
punta arenas,cl
ahipara,nz
moctezuma,mx
yellowknife,ca
ushuaia,ar
rikitea,pf
jamestown,sh
dikson,ru
bentong,my
kijabe,ke
batagay,ru
bredasdorp,za
oktyabrskiy,ru
manaure,co
chase,ca
butaritari,ki
najran,sa
nikolskoye,ru
taolanaro,mg
mar del plata,ar
wasilla,us
dikson,ru
la ronge,ca
dikson,ru
rikitea,pf
busselton,au
cape town,za
vaini,to
cape town,za
cape town,za
punta arenas,cl
ushuaia,ar
ancud,cl
ulkan,ru
burnie,au
vaini,to
ponnani,in
kapaa,us
cape town,za
mount gambier,au
rikitea,pf
ushuaia,ar
albany,au
lebu,cl
san salvador,ph
vaini,to
kargil,in
jerome,us
marsh harbour,bs
cape town,za
mataura,pf
ushuaia,ar
lavrentiya,ru
shawville,ca
sao joao da barra,br
valparaiso,cl
cherskiy,ru
cabras,it
ferme-neuve,ca
metro,id
robore,bo
esperance,au
namatanai,pg
east london,za
severnyy,ru
nguiu,au
iralaya,hn
kahului,us
klaksvik,fo
barentsburg,sj
turayf,sa
samusu,ws
lolua,tv
chokurdakh,ru
ponta do sol,cv
bluff,nz
ushuaia,ar
butaritari,ki
fort-shevchenko,kz
paamiut,gl
dikson,ru
punta arenas,cl
punta arenas,cl
puerto ayora,ec
butaritari,ki
fredericksburg,us
rikitea,pf
labuhan,id
illoqqortoormiut,gl
awjilah,ly
ilulissat,gl
codrington,ag
ban phai,th
punta arenas,cl
newport,us
cidreira,br
kenai,us
tiksi,ru
key west,us
cerknica,si
san matias,bo
bandarbeyla,so
ushuaia,ar
mataura,pf
ust-kut,ru
butaritari,ki
bethel,us
hermanus,za
mayo,ca
vostok,ru
rikitea,pf
kapaa,us
kismayo,so
saint george,bm
bethel,us
saint-philippe,re
okhotsk,ru
genhe,cn
barrow,us
saint george,bm
cape town,za
barentsburg,sj
paravur,in
piacabucu,br
kamaishi,jp
port alfred,za
half moon bay,us
cosala,mx
belmonte,br
punta arenas,cl
agadir,ma
grand river south east,mu
yellowknife,ca
albany,au
rawson,ar
rikitea,pf
policoro,it
khatanga,ru
katsuura,jp
rikitea,pf
ulkan,ru
tazovskiy,ru
